Scenario,Total_Ships,Min_Wait_Time,Q1_Wait_Time,Median_Wait_Time,Q3_Wait_Time,Max_Wait_Time,Avg_Wait_Time,Min_Service_Time,Median_Service_Time,Max_Service_Time,Avg_Service_Time,Min_Fee,Median_Fee,Max_Fee,Avg_Fee,Total_Fees,Avg_Cargo_Value,Min_Cargo_Value,Max_Cargo_Value
"Scenario 1/180: AR=0.1, ST=2.5, Locks=1",87,0.0,0.0,0.0,0.0,14.441873363229206,0.8811449431614283,0.008332196329493833,2.1550077881924303,14.532769655305273,2.7878267329876087,64.75898205338474,1000.0,1000.0,860.2488676324737,74841.6514840252,750021.2261381646,0.0,1625699.0103904826
"Scenario 10/180: AR=0.1, ST=5, Locks=5",82,0.0,0.0,0.0,0.0,0.0,0.0,0.016664392658987667,4.254977462402956,29.065539310610546,5.486151764837102,1000.0,1000.0,1000.0,1000.0,82000.0,734721.7044916674,0.0,1625699.0103904826
"Scenario 100/180: AR=0.5, ST=10, Locks=5",430,0.0,4.069083891266516,10.552375587590262,25.704116235049668,55.94978283235628,15.065208579348502,0.024902084624238752,7.109612140572996,66.00015358285593,10.510379950136496,17.55932947002996,86.56228348585631,1000.0,265.1796876582338,114027.26569304052,821653.9160477126,0.0,1625699.0103904826
"Scenario 101/180: AR=0.6, ST=2.5, Locks=1",441,0.0,63.321646023732626,82.71428718269684,199.04243558932183,271.17175603875626,121.21707634533144,0.022891460081172255,1.692243856572623,14.581725654690407,2.251498028265701,3.674150523750906,11.94539228193647,1000.0,32.76968755841025,14451.432213258919,820068.8595927785,0.0,1625699.0103904826
"Scenario 102/180: AR=0.6, ST=2.5, Locks=2",580,0.0,0.0,0.9255101410613662,3.5274775817095474,24.887202498390593,2.7074158578365535,0.00033056029984945227,1.709895257605932,16.84083665267913,2.4183861563033386,38.62912572581645,519.3429323671926,1000.0,586.1463343459275,339964.87392063794,811410.1132182456,0.0,1625699.0103904826
"Scenario 103/180: AR=0.6, ST=2.5, Locks=3",578,0.0,0.0,0.0,0.10393099752523938,9.932390217663169,0.45227860129251407,0.004614717700598238,1.9250699509000964,17.366153900175814,2.6839135835102277,91.4713050019315,1000.0,1000.0,862.4488685206079,498495.4460049114,800840.5571988708,0.0,1625699.0103904826
"Scenario 104/180: AR=0.6, ST=2.5, Locks=4",593,0.0,0.0,0.0,0.0,1.7466953121331699,0.06987592003939933,0.008332196329493833,1.7526648853801647,14.532769655305273,2.521286705286603,364.0738729128891,1000.0,1000.0,964.2862405082502,571821.7406213924,822458.4996571448,0.0,1625699.0103904826
"Scenario 105/180: AR=0.6, ST=2.5, Locks=5",565,0.0,0.0,0.0,0.0,2.404701535799177,0.02347351424980167,0.003666622467059101,1.9355996975796868,14.532769655305273,2.6316789441487414,293.7115014298229,1000.0,1000.0,989.878234368503,559281.2024182042,817758.9859057743,0.0,1625699.0103904826
"Scenario 106/180: AR=0.6, ST=5, Locks=1",192,0.0,164.10785355566807,350.2943390845811,526.5537846284502,663.503289486393,344.0678527524971,0.03952423993087241,3.8797543441285747,23.627252139867416,5.155820731704712,1.5048834457582876,2.8466726437678673,1000.0,13.511438561093406,2594.196203729934,808068.3581755242,0.0,1625699.0103904826
"Scenario 107/180: AR=0.6, ST=5, Locks=2",382,0.0,37.08857902535658,91.98151647327487,186.09555970833011,277.32380956417524,106.84785152051113,0.014938805588614917,3.4789203272416955,24.872717386084684,5.177242712192812,3.5929373112774328,10.754941866262378,1000.0,71.65614595051764,27372.64775309774,794475.6409829952,1210.0,1625699.0103904826
"Scenario 108/180: AR=0.6, ST=5, Locks=3",564,0.0,4.977675884318554,10.744885594860278,16.76324084782476,34.252236267683884,11.109872590184175,0.009229435401196476,3.6052734368440493,27.883743872690417,5.090983081350127,28.36699471791272,85.1441015381661,1000.0,193.85891193337528,109336.42633042365,824043.2399819171,0.0,1625699.0103904826
"Scenario 109/180: AR=0.6, ST=5, Locks=4",562,0.0,0.0,0.0,1.7109217492658502,13.793170570705911,1.1979820136961956,0.010842516302667377,3.582114316618595,27.176835117952518,5.005037406183586,67.59876087552483,1000.0,1000.0,755.1350418115005,424385.89349806326,839443.7624614754,0.0,1625699.0103904826
"Scenario 11/180: AR=0.1, ST=7.5, Locks=1",91,0.0,0.0,6.6295048168510675,20.124188332774594,45.496223936560966,11.011560086961458,0.036724730362276845,5.89657106703589,30.547142146871508,7.544139193581173,21.507122844306476,131.07010533518883,1000.0,378.6459274047656,34456.77939383367,830984.1212484298,54751.13063742844,1625699.0103904826
"Scenario 110/180: AR=0.6, ST=5, Locks=5",597,0.0,0.0,0.0,0.16281065117675553,7.199230331183514,0.6321918873879095,0.002643423296324064,3.7302196433989474,34.73230780035163,5.2422442421543405,121.96266717825641,1000.0,1000.0,840.1102497640261,501545.8191091236,823164.626603319,0.0,1625699.0103904826
"Scenario 111/180: AR=0.6, ST=7.5, Locks=1",136,0.0,220.49197842326038,360.17540715295297,611.5062423709659,760.5560804863164,389.2316688604197,0.07279103033581388,5.28124882583709,45.49644382373229,7.3332809317729,1.3131009332384522,2.768741525549306,1000.0,13.710682817858174,1864.6528632287118,822770.5310616491,0.0,1577453.833030083
"Scenario 112/180: AR=0.6, ST=7.5, Locks=2",301,0.0,125.7323811978298,245.66058217287198,392.8906967581204,495.27391193181467,255.97315342525823,0.002158623632566881,4.985526633928638,33.69659706977783,6.6135460560045,2.015016256057793,4.05415405733191,1000.0,22.408359329447972,6744.91615816384,815623.1157481709,54751.13063742844,1606549.0103904826
"Scenario 113/180: AR=0.6, ST=7.5, Locks=3",433,0.0,13.949176454851454,65.45158061947262,127.66864109375956,196.37936196883857,74.75049092045454,0.023885232215603965,4.806056025089274,39.19530363619265,6.602937849254427,5.066385816759687,15.048551000259657,1000.0,137.94839504137215,59731.65505291414,791327.8755228529,0.0,1625699.0103904826
"Scenario 114/180: AR=0.6, ST=7.5, Locks=4",535,0.0,16.818169144679565,29.896016093294747,44.954442616029326,108.75825776617228,36.480236479014835,0.020245910920330075,5.236486502169432,45.168850028837625,7.20595965654502,9.110931790939944,32.366632545126954,1000.0,75.03576116491759,40144.13222323091,798056.2094887629,0.0,1625699.0103904826
"Scenario 115/180: AR=0.6, ST=7.5, Locks=5",574,0.0,0.0,3.838777030162248,9.345117307294828,22.72332932484494,5.597677473612856,0.008919529209891268,5.177202738195357,54.465868103009555,7.622745645866073,42.152599506879554,206.6641954349118,1000.0,403.8413161701817,231804.9154816843,790198.9103733599,0.0,1625699.0103904826
"Scenario 116/180: AR=0.6, ST=10, Locks=1",104,0.0,217.91575322020864,448.85132384613945,664.3928841931978,820.047279903103,436.4282617665501,0.12271209709511137,5.949238208965122,51.28652201759781,9.584855638089975,1.2179566566714846,2.223004858872689,1000.0,14.846962875846275,1544.0841390880125,810890.1543480114,54751.13063742844,1625699.0103904826
"Scenario 117/180: AR=0.6, ST=10, Locks=2",202,0.0,138.35778584793007,276.55457924579616,431.91006762033373,636.0453078821254,286.339537718295,0.04692920004859464,7.100933095149369,71.29704090705292,9.813324369984308,1.569747061358206,3.602910612217261,1000.0,23.398173729866503,4726.431093433033,774643.0548065861,0.0,1625699.0103904826
"Scenario 118/180: AR=0.6, ST=10, Locks=3",295,0.0,121.2501833493375,243.93627644884936,347.7298582603937,462.1939345581344,231.91051754584814,0.02823692417643302,7.142215421304914,51.28652201759781,9.992666162491686,2.1589229162811767,4.082694546100983,1000.0,28.50162662112995,8407.979853233335,813781.588727078,0.0,1624489.0103904826
"Scenario 119/180: AR=0.6, ST=10, Locks=4",380,0.0,82.69789108913784,156.78262364829192,235.42756455886632,364.291520682856,160.88275407226834,0.013693906586031276,7.197839427372914,71.57946606625082,10.251207025171631,2.7375395906553064,6.337949977672134,1000.0,56.68409015108865,21539.954257413687,813180.7486106894,0.0,1605339.0103904826
"Scenario 12/180: AR=0.1, ST=7.5, Locks=2",97,0.0,0.0,0.0,0.23234002182039148,15.664676784213611,1.8204644951847015,0.17473339197775178,6.531403867797473,43.59830896591582,8.628667078475777,60.00716443221368,1000.0,1000.0,794.3884284807903,77055.67756263666,791295.6869638148,54751.13063742844,1625699.0103904826
"Scenario 120/180: AR=0.6, ST=10, Locks=5",495,0.0,10.643783354594078,22.10864962965951,58.00077675405339,126.44551701457624,39.93726745514761,0.026994547893773434,7.010659541520659,58.06755152717989,9.809837413328822,7.846490197733889,43.2738397105004,1000.0,107.90809344920652,53414.50625735723,810403.6878236227,0.0,1625699.0103904826
"Scenario 121/180: AR=0.7, ST=2.5, Locks=1",406,0.0,80.82833539312192,193.1141847054277,299.0276515656287,363.3833750251978,192.72908033574188,0.004614717700598238,1.8211640173718395,13.945770831113817,2.444054113273344,2.7443623077777577,5.151607052364607,1000.0,19.32334480483227,7845.2779907619015,805342.3447751913,0.0,1625699.0103904826
"Scenario 122/180: AR=0.7, ST=2.5, Locks=2",660,0.0,0.15351703059071298,3.5703423044529217,7.706800522900849,22.740713789663346,4.624489084689466,0.006793973261119398,1.7630152255236307,17.82426022676323,2.4468442326809714,42.12173268502979,218.80315471270438,1000.0,413.49209992058167,272904.7859475839,802527.1652234182,0.0,1625699.0103904826
"Scenario 123/180: AR=0.7, ST=2.5, Locks=3",675,0.0,0.0,0.0,0.60599116533146,8.427621927537189,0.5454851253342369,0.006748636973443359,1.7414827637771264,14.208044285290422,2.4793553619500504,106.07128793307832,1000.0,1000.0,823.5267294961104,555880.5424098745,842242.000954961,0.0,1625699.0103904826
"Scenario 124/180: AR=0.7, ST=2.5, Locks=4",756,0.0,0.0,0.0,0.0,4.304593684397673,0.3262800283519729,0.005287582391351024,1.8742849649679743,23.551497997550914,2.6977507299942034,188.51585239059608,1000.0,1000.0,883.0522256559457,667587.482595895,821087.9533010288,0.0,1625699.0103904826
"Scenario 125/180: AR=0.7, ST=2.5, Locks=5",685,0.0,0.0,0.0,0.0,2.593653847841665,0.06701963135823528,0.003666622467059101,2.005160390667819,14.532769655305273,2.6958566740959338,278.2683147406076,1000.0,1000.0,971.9976694132655,665818.4035480869,826040.3431837609,0.0,1625699.0103904826
"Scenario 126/180: AR=0.7, ST=5, Locks=1",205,0.0,162.04912199507612,295.530323394318,468.50603359486513,679.3731878496853,311.88325842072925,0.018386387252338182,3.8675988234561096,26.970051508448435,4.865424733670998,1.4697816108252193,3.372336388917052,1000.0,12.624307881772177,2587.983115763296,842580.2541990632,54751.13063742844,1625699.0103904826
"Scenario 127/180: AR=0.7, ST=5, Locks=2",410,0.0,73.50792602562001,188.28096487416366,306.4020329319129,417.59187970290816,190.63020157418234,0.014710671962762276,3.26720606687275,38.552035044811724,4.853013054682249,2.3889617751537395,5.2831729267877785,1000.0,25.912589963801835,10624.161885158752,811499.3144775453,54751.13063742844,1625699.0103904826
"Scenario 128/180: AR=0.7, ST=5, Locks=3",590,0.0,23.558671064631056,80.10232069404935,111.68557035951761,176.00079294465513,74.85363516860086,0.006807059878772982,3.5410356538376844,33.000076791427965,4.9527288313476205,5.649692203993015,12.331761058465382,1000.0,109.6030002461483,64665.77014522749,793029.562011727,0.0,1577453.833030083
"Scenario 129/180: AR=0.7, ST=5, Locks=4",705,0.0,0.0,3.2797581770706756,7.732837152745219,27.673770583012924,5.6085642623584,0.016664392658987667,3.4891772034491595,27.603807444770343,4.955238591984495,34.87507850092187,233.65806165348815,1000.0,427.03975431587793,301063.02679269394,806683.4129532685,0.0,1625699.0103904826
"Scenario 13/180: AR=0.1, ST=7.5, Locks=3",81,0.0,0.0,0.0,0.0,5.26277368585977,0.11871109186265262,0.0249965889884815,6.299909022631579,25.35436903085995,7.792572322333922,159.6736606110839,1000.0,1000.0,979.5863075373386,79346.49091052443,729220.2144355163,0.0,1625699.0103904826
"Scenario 130/180: AR=0.7, ST=5, Locks=5",695,0.0,0.0,0.0,0.9598736619890929,12.54403672541514,1.0128608815182214,0.0025855315092917,3.5488948579632575,34.45580909068214,4.888952471577822,73.83323157441814,1000.0,1000.0,787.9636488460487,547634.7359480038,819855.008178587,0.0,1625699.0103904826
"Scenario 131/180: AR=0.7, ST=7.5, Locks=1",159,0.0,175.5294088608279,384.76834199332666,572.7548139690507,745.6282361248296,370.54472381051534,0.07247834650230192,4.230747230747341,38.46489151319836,6.242656192231469,1.3393546501673008,2.592229302261664,1000.0,12.898449419431865,2050.8534576896664,767481.0514491794,0.0,1577453.833030083
"Scenario 132/180: AR=0.7, ST=7.5, Locks=2",282,0.0,167.89009917668116,313.63458430926596,453.6361218809225,559.4311156034983,298.59287542174974,0.018289513706766212,5.177637046229918,37.36463105406682,7.055427163217887,1.784340612357245,3.1783119746479906,1000.0,19.455692955480476,5486.505413445494,803759.852053563,0.0,1625699.0103904826
"Scenario 133/180: AR=0.7, ST=7.5, Locks=3",396,0.0,99.23269090893129,185.7880440049526,296.15443311132054,392.91169508346786,196.7714605517761,0.01306627157603563,4.7291497372716105,49.50011518714195,7.501116577983989,2.538640036539421,5.353663130097031,1000.0,37.255838037595545,14753.311862887835,826821.0572558559,0.0,1625699.0103904826
"Scenario 134/180: AR=0.7, ST=7.5, Locks=4",509,0.0,29.492756275275838,54.74475313068922,118.1790116247538,208.40370695892318,75.52950748490548,0.008022316206932745,5.755342879615549,39.31566423920063,7.724358451261879,4.7754646492297335,17.938908037776724,1000.0,59.439522869546465,30254.71714059915,792142.3393859629,0.0,1625699.0103904826
"Scenario 135/180: AR=0.7, ST=7.5, Locks=5",615,0.0,4.674073351428959,20.174237838642398,64.2608814112811,87.00237768949364,32.00672311525957,0.01227899995703086,4.947512900156895,51.194829189265256,7.658954641654279,11.363329335582113,47.22720164099733,1000.0,216.46255256452,133124.4698271798,815693.9944352072,0.0,1625699.0103904826
"Scenario 136/180: AR=0.7, ST=10, Locks=1",104,0.0,191.69166440124724,345.59027484858404,543.1058613376807,819.32608113827,372.5514646511544,0.07367016454793875,6.981234479803343,45.141686674037096,9.452959923723586,1.219027436763217,2.8854342608732453,1000.0,19.151644755419344,1991.7710545636116,835681.038022974,0.0,1577453.833030083
"Scenario 137/180: AR=0.7, ST=10, Locks=2",210,0.0,227.0156195951673,363.33656850139823,458.335128933424,619.087228095804,332.2915173242529,0.01835897802276258,6.509606437270024,55.682378220594885,9.391991868525075,1.6126763376031013,2.7447148939072767,1000.0,21.016423271502212,4413.448887015465,816003.9274254199,0.0,1577453.833030083
"Scenario 138/180: AR=0.7, ST=10, Locks=3",283,0.0,115.5298140007564,219.51915460779438,408.62156935730434,606.0038085463173,262.01353636563005,0.02823692417643302,7.342251821102079,71.74579044325664,10.442434565525984,1.6474361213562225,4.534753462929585,1000.0,24.554989659881002,6949.062073746323,826992.3753477898,1210.0,1625699.0103904826
"Scenario 139/180: AR=0.7, ST=10, Locks=4",365,0.0,55.46106673084503,198.17938162562052,345.46231473220104,483.9559980264681,212.91644173757803,0.016838545313203328,7.950625327379749,72.6211574706794,10.843224805099405,2.0620427504134544,5.0205999829822225,1000.0,47.210633857275795,17231.881357905666,833575.4922779187,0.0,1625699.0103904826
"Scenario 14/180: AR=0.1, ST=7.5, Locks=4",81,0.0,0.0,0.0,0.0,0.0,0.0,0.0249965889884815,6.299909022631579,25.35436903085995,7.792572322333922,1000.0,1000.0,1000.0,1000.0,81000.0,729220.2144355163,0.0,1625699.0103904826
"Scenario 140/180: AR=0.7, ST=10, Locks=5",507,0.0,28.91466770925105,69.7061927572509,113.04919849833243,220.64965134759746,77.66389958218345,0.02823692417643302,7.001902113858863,70.15172529138903,9.647314360904726,4.511624511566548,14.143032752918948,1000.0,69.03490089040046,35000.69475143304,816675.2012886717,0.0,1625699.0103904826
"Scenario 141/180: AR=0.8, ST=2.5, Locks=1",417,0.0,114.82110031853048,207.4746459220214,371.1557317184941,464.1308048535079,226.33355807959884,0.004819084157799223,1.7220556412953962,16.500038395713982,2.389686725516713,2.149932856661575,4.796746364898701,1000.0,17.78019939976762,7414.343149703099,807169.2219961328,0.0,1625699.0103904826
"Scenario 142/180: AR=0.8, ST=2.5, Locks=2",756,0.0,5.575257593237865,18.258498442918267,30.079337133877942,51.49525116156542,18.954530804611185,0.007378703913908124,1.6567862165975291,13.968349614565309,2.4739175572877765,19.04934213805902,51.92512817542023,1000.0,203.79553415377808,154069.42382025623,817460.7513462108,0.0,1625699.0103904826
"Scenario 143/180: AR=0.8, ST=2.5, Locks=3",792,0.0,0.0,0.0,1.605647247839368,10.604428027514246,1.1518960443617523,0.001321711648162032,1.8384744121148553,17.366153900175814,2.59499947489087,86.17400165083427,1000.0,1000.0,729.2817629898842,577591.1562879883,811618.0532416579,0.0,1625699.0103904826
"Scenario 144/180: AR=0.8, ST=2.5, Locks=4",829,0.0,0.0,0.0,0.009779951008681564,4.835935849579528,0.3559242029917649,0.0020594231650194524,1.7620065636226074,17.894866516562704,2.6174401567758445,171.35212342542263,1000.0,1000.0,878.4821790982768,728261.7264724715,831580.4064547559,0.0,1625699.0103904826
"Scenario 145/180: AR=0.8, ST=2.5, Locks=5",798,0.0,0.0,0.0,0.0,2.4864758440688774,0.053763047540693776,0.005655442932668963,1.9188899158156145,14.532769655305273,2.5952353088650044,286.8225809455069,1000.0,1000.0,973.2826020024963,776679.516397992,847511.7345467984,0.0,1625699.0103904826
"Scenario 146/180: AR=0.8, ST=5, Locks=1",193,0.0,175.10248406468202,365.64482485128065,567.8452396121198,741.0829783907425,371.81558495032255,0.029983306423805513,3.539421611063365,35.075862645694514,5.1209485968052,1.3475581964817036,2.7274351967346666,1000.0,12.554947596016957,2423.1048860312726,812391.4378170759,0.0,1625699.0103904826
"Scenario 147/180: AR=0.8, ST=5, Locks=2",431,0.0,77.34564471076347,217.57951102867216,348.78656969943194,496.2949336985794,226.46946186594226,0.008710847717357086,3.1438894114973936,24.274520158431265,4.599615202094245,2.0108791227021032,4.574994221982796,1000.0,24.642944712023755,10621.109170882239,813958.0360767319,0.0,1625699.0103904826
"Scenario 148/180: AR=0.8, ST=5, Locks=3",584,0.0,43.76865819342196,92.37839210718275,132.68546449076496,247.65005258267502,98.17497308812362,0.020749717604063685,3.4854224577297677,28.496510451219415,5.0603230411639935,4.021716422792649,10.709129090421378,1000.0,48.18226955272577,28138.44541879185,809676.1135243525,0.0,1625699.0103904826
"Scenario 149/180: AR=0.8, ST=5, Locks=4",737,0.0,9.219620656084068,31.598869280190343,38.760548402932045,73.66857898922137,29.574238804103697,0.0015316429354255963,3.579195213666029,47.82828358612543,5.200526751081847,13.392514140979607,30.675910609196475,1000.0,128.91613100512487,95011.18855077703,787232.3750892811,0.0,1625699.0103904826
"Scenario 15/180: AR=0.1, ST=7.5, Locks=5",81,0.0,0.0,0.0,0.0,0.0,0.0,0.0249965889884815,6.299909022631579,25.35436903085995,7.792572322333922,1000.0,1000.0,1000.0,1000.0,81000.0,729220.2144355163,0.0,1625699.0103904826
"Scenario 150/180: AR=0.8, ST=5, Locks=5",832,0.0,0.0,0.7422675437536554,4.048722317210917,16.20530118406998,2.415443220048789,0.013497273946886717,3.5740783232073663,31.840224953234916,4.999850531021166,58.12162131319611,573.9798265202104,1000.0,588.4878994782041,489621.93236586585,837343.1399148806,0.0,1625699.0103904826
"Scenario 151/180: AR=0.8, ST=7.5, Locks=1",129,0.0,204.55224788044228,405.704906902833,600.0714676402308,812.2883113043035,404.3136607170849,0.0033407343236570505,4.62524936832544,38.46489151319836,7.710432052413961,1.2295762598582776,2.4587851855913625,1000.0,13.588683326554387,1752.940149125516,816322.2794105622,54751.13063742844,1625699.0103904826
"Scenario 152/180: AR=0.8, ST=7.5, Locks=2",272,0.0,126.53424883922752,279.99873270336195,480.3552236724602,620.9626876919458,298.68838366342874,0.03192993319595535,5.3256998213620275,53.47278068028969,7.261900858194601,1.6078134907271056,3.5587561143828697,1000.0,19.823664337927717,5392.036699916339,774257.7165508877,0.0,1625699.0103904826
"Scenario 153/180: AR=0.8, ST=7.5, Locks=3",391,0.0,115.0916674273233,236.93310697841292,345.8484833425073,498.6365006862354,233.75460070728496,0.021177693132324767,5.356661565978685,49.80368533490729,7.5542385304060735,2.001455055078103,4.202861941742002,1000.0,24.652430566530988,9639.100351513616,814843.4840835499,0.0,1624489.0103904826
"Scenario 154/180: AR=0.8, ST=7.5, Locks=4",510,0.0,88.88885956822841,158.80040540277798,265.3344681864001,354.5774933193743,167.59174393328303,0.010270429939523457,5.455876261278423,53.68459954968812,7.727485632906044,2.812326479566622,6.25780641019628,1000.0,46.5598073063685,23745.501726247934,817840.2979150813,0.0,1624489.0103904826
"Scenario 155/180: AR=0.8, ST=7.5, Locks=5",672,0.0,10.569173044523051,37.743288868030646,82.82400651755177,143.91256157770226,50.32301723694519,0.020245910920330075,5.1517012312590875,47.28210039111526,7.293913598431532,6.900713016958154,25.810992736448934,1000.0,93.77437052478506,63016.376992655554,803164.7355813916,0.0,1625699.0103904826
"Scenario 156/180: AR=0.8, ST=10, Locks=1",102,0.0,198.8550047817577,394.9690733990087,624.4369543972205,879.1302761719455,418.65368419942865,0.10348926491904721,6.287963458141645,53.94010301689687,9.571558513629174,1.1361954327368649,2.5262869458706634,1000.0,15.843908042864577,1616.0786203721868,829868.8577768087,0.0,1625699.0103904826
"Scenario 157/180: AR=0.8, ST=10, Locks=2",189,0.0,169.22657678842754,382.62811647077444,526.9366835365261,742.7834298768877,353.354862239977,0.05681728410143903,8.01644653434787,48.83740459054014,10.468863481242783,1.344477383914726,2.606691108043907,1000.0,23.865907073432595,4510.65643687876,806714.2961339905,0.0,1625699.0103904826
"Scenario 158/180: AR=0.8, ST=10, Locks=3",311,0.0,130.01747496357095,317.99666779394784,445.7608991423437,625.1077643521515,302.4862834178029,0.07667580660455378,7.057974773816912,39.42684036258226,9.506540781963178,1.5971691407384534,3.1348289840003543,1000.0,21.74761642653264,6763.508708651651,779377.0865594586,0.0,1624489.0103904826
"Scenario 159/180: AR=0.8, ST=10, Locks=4",386,0.0,85.43903864599073,206.82769318252932,371.7506264927018,489.1551950213711,229.16063494837746,0.018458870802392953,7.429288248367758,71.57946606625082,10.25789168338622,2.0401701545903217,4.811955860645404,1000.0,30.146218075698304,11636.440177219545,791548.3438019598,0.0,1624489.0103904826
"Scenario 16/180: AR=0.1, ST=10, Locks=1",79,0.0,0.0,12.41894832335015,29.114814273249294,53.84057222482346,16.30470402737245,0.3396381763540106,5.729338187068406,34.127322156667304,9.268325700987845,18.23467479333398,74.52148826446496,1000.0,365.9507698755341,28910.110820167192,753165.4215696934,54751.13063742844,1577453.833030083
"Scenario 160/180: AR=0.8, ST=10, Locks=5",492,0.0,67.79660060530998,105.36649864237145,224.53628626883386,334.61381115200095,141.02332001539008,0.009334131612216724,7.301027158264956,56.66983121140047,10.028086672653576,2.9796151611504915,9.401456445879907,1000.0,48.995249470084644,24105.662739281644,805930.0298291029,0.0,1625699.0103904826
"Scenario 161/180: AR=0.9, ST=2.5, Locks=1",357,0.0,180.2114449418234,310.5578681308675,465.1455923409462,633.6964516067715,318.8680011789499,0.020178340697410937,2.0704860811192036,16.500038395713982,2.7901154332681157,1.5755563111601476,3.2096766035770843,1000.0,14.72979756625055,5258.537731151447,819277.7211947351,0.0,1625699.0103904826
"Scenario 162/180: AR=0.9, ST=2.5, Locks=2",812,0.0,9.670983145117454,51.4378797796675,68.49951650655387,93.65080085903287,42.06328401366446,0.0025237575899666096,1.5999959444184124,19.355032202423637,2.3759117513990704,10.56515096464254,19.07022884458037,1000.0,132.14403799229456,107300.95884974317,787461.3194429069,0.0,1625699.0103904826
"Scenario 163/180: AR=0.9, ST=2.5, Locks=3",854,0.0,0.0,0.0,1.6562711431283859,10.045566143280979,1.1361021695747537,0.005421258151333689,1.7398336071884921,18.21319208763573,2.3847631785091723,90.53406471231901,1000.0,1000.0,717.5532657273878,612790.4889311892,813343.6476820993,0.0,1625699.0103904826
"Scenario 164/180: AR=0.9, ST=2.5, Locks=4",924,0.0,0.0,0.0,0.8509666014131625,7.651482489629473,0.7619110574492345,0.00530227295490589,1.8010219797951232,16.80058679826266,2.624927271025825,115.58712639119358,1000.0,1000.0,805.5872571873716,744362.6256411314,817321.384021714,0.0,1625699.0103904826
"Scenario 165/180: AR=0.9, ST=2.5, Locks=5",872,0.0,0.0,0.0,0.0,2.6418254231437572,0.09312274842840261,0.008332196329493833,1.9008735933456693,14.532769655305273,2.622900577189635,274.5875718382907,1000.0,1000.0,957.2414597045779,834714.5528623919,838613.021593623,0.0,1625699.0103904826
"Scenario 166/180: AR=0.9, ST=5, Locks=1",202,0.0,191.68605067333186,404.6698244510317,570.7810874647756,774.9310625584883,386.677911502865,0.01633793048137484,3.7359836386424194,30.330962549154858,4.922433430565793,1.2887742845384822,2.465120252833767,1000.0,11.754505475870895,2374.4101061259207,830194.3691182826,0.0,1577453.833030083
"Scenario 167/180: AR=0.9, ST=5, Locks=2",447,0.0,121.16093727942257,261.21810323091074,363.4213142604087,505.40770470704575,249.04583593734074,0.001439082421711254,3.2606407543211415,23.130811846811334,4.4261827570397365,1.9746934944018968,3.813619226432259,1000.0,19.52182286168415,8726.254819172815,815848.0606020179,54751.13063742844,1606549.0103904826
"Scenario 168/180: AR=0.9, ST=5, Locks=3",631,0.0,16.17629479488302,83.71368069191658,136.51857110287511,252.36938186543262,89.39775111572584,0.005932406913384766,3.380272470404369,27.23070921011904,4.627214321206611,3.9468068029274015,11.804468792198525,1000.0,107.84291865797852,68048.88167318444,789418.7535470614,0.0,1625699.0103904826
"Scenario 169/180: AR=0.9, ST=5, Locks=4",803,0.0,17.276233051224757,29.99165114995077,79.1443919201908,115.91255886294869,46.912235329363114,0.013497273946886717,3.411586719904721,33.77626989130921,4.889521904121444,8.553401018039942,32.26675452564871,1000.0,65.37194724845402,52493.673640508576,803295.4652588593,0.0,1625699.0103904826
"Scenario 17/180: AR=0.1, ST=10, Locks=2",95,0.0,0.0,0.0,8.035240381760104,24.986245860166946,3.975462682556834,0.427015621223699,7.673886659148386,58.13107862122109,11.07338133472181,38.48189559126936,1000.0,1000.0,681.2690900193132,64720.563551834755,766773.2438036551,54751.13063742844,1625699.0103904826
"Scenario 170/180: AR=0.9, ST=5, Locks=5",887,0.0,0.5493334388032736,3.5111373872316562,7.039925880191134,27.211217508226355,4.776204063959869,0.005946352806594178,3.3545245918297018,36.3105787353397,5.070560981372905,35.446892701756006,221.67358565279002,1000.0,394.61502935099986,350023.5310343369,801071.8209494784,0.0,1625699.0103904826
"Scenario 171/180: AR=0.9, ST=7.5, Locks=1",137,0.0,201.42559590532485,427.6192181206652,647.2173877179025,818.3551313951427,416.5458485465153,0.09112181100203709,4.741941101464993,35.9192437778169,7.1309311706133744,1.2204720049745308,2.333073174797494,1000.0,13.474201845512015,1845.965652835146,838545.7274429864,0.0,1606549.0103904826
"Scenario 172/180: AR=0.9, ST=7.5, Locks=2",272,0.0,146.2898762971956,318.4707155123759,488.9379797692543,647.7595601521232,326.98946742691385,0.05142211577304542,5.077874225610863,36.89578034083631,7.2956039303331,1.5414031043573628,3.130335912702358,1000.0,18.79870775395232,5113.2485090750315,787944.6606807242,0.0,1606549.0103904826
"Scenario 173/180: AR=0.9, ST=7.5, Locks=3",452,0.0,101.21048240412024,214.6996667525909,398.9173362980096,488.23584403973933,238.0611688454015,0.017921738545380494,4.556413858801676,41.24525555894683,6.592525836720038,2.0440039547036393,4.636126697567448,1000.0,26.348769842305447,11909.643968722063,824766.8480585115,0.0,1625699.0103904826
"Scenario 174/180: AR=0.9, ST=7.5, Locks=4",513,0.0,72.04793751676726,171.2099408200899,282.89405350205993,395.4495365086516,180.62222911980885,0.0039651349444860965,5.148667275461423,49.50011518714195,7.652126772502687,2.5223891262593954,5.806865708436156,1000.0,42.439031518757766,21771.223169122735,809018.777287769,0.0,1625699.0103904826
"Scenario 175/180: AR=0.9, ST=7.5, Locks=5",713,0.0,35.89749786093847,69.17038643573022,121.80295735455127,199.82203783454554,78.33467881329838,3.699719326716162e-05,4.904064992941055,59.27065856463049,6.8814862615984,4.979533176652086,14.251025978258083,1000.0,57.012957221177736,40650.23849869973,809193.4872733711,0.0,1625699.0103904826
"Scenario 176/180: AR=0.9, ST=10, Locks=1",112,0.0,184.91451672754607,362.2917712561682,630.1973797829362,868.5550844325601,406.24448121588864,0.02091349126792811,6.146362470473834,37.230031359644876,8.89762223423828,1.1500134009940999,2.7531812163007308,1000.0,15.09192971043068,1690.2961275682362,823574.2419813894,0.0,1625699.0103904826
"Scenario 177/180: AR=0.9, ST=10, Locks=2",197,0.0,196.98949858158386,402.62596478576336,580.746048441903,754.5681151135386,389.91202476655644,0.02760257877574085,7.092027078510285,67.65106072946014,10.062342028399145,1.323507411174611,2.477541306171371,1000.0,21.4048819977929,4216.761753565201,807580.9047032063,0.0,1606549.0103904826
"Scenario 178/180: AR=0.9, ST=10, Locks=3",292,0.0,152.2105312804561,318.93391823907103,481.38559204650744,670.4951535910285,324.91273905373595,0.06856282103072722,7.215947805306794,54.686675921510336,10.18324404134895,1.4892140243338914,3.125649770636491,1000.0,21.81968296695154,6371.347426349849,787043.755823749,0.0,1624489.0103904826
"Scenario 179/180: AR=0.9, ST=10, Locks=4",407,0.0,118.69736651865443,212.79138166654872,330.8847585945184,521.8106966433576,226.0797095000449,0.026994547893773434,6.020863676420207,93.26228110799431,9.748183449275892,1.9127382175238155,4.677457024716291,1000.0,27.282424120742174,11103.946617142064,828803.7200926926,0.0,1625699.0103904826
"Scenario 18/180: AR=0.1, ST=10, Locks=3",81,0.0,0.0,0.0,0.0,10.022882763223038,0.30910548167169954,0.03332878531797533,8.399878696842103,33.80582537447993,10.390096429778563,90.72036975086223,1000.0,1000.0,949.5900071180391,76916.79057656116,729220.2144355163,0.0,1625699.0103904826
"Scenario 180/180: AR=0.9, ST=10, Locks=5",517,0.0,108.23872638686052,220.3112515640538,299.48215381531037,407.0015516206387,204.05686800797534,0.029421343925524552,6.71948439873203,53.80759145627871,9.52591788085523,2.4509710711340715,4.518523088784627,1000.0,31.55488858367286,16313.877397758868,820536.1642837679,0.0,1624489.0103904826
"Scenario 19/180: AR=0.1, ST=10, Locks=4",81,0.0,0.0,0.0,0.0,0.0,0.0,0.03332878531797533,8.399878696842103,33.80582537447993,10.390096429778563,1000.0,1000.0,1000.0,1000.0,81000.0,729220.2144355163,0.0,1625699.0103904826
"Scenario 2/180: AR=0.1, ST=2.5, Locks=2",82,0.0,0.0,0.0,0.0,2.3408935396977313,0.030353634321670597,0.008332196329493833,2.127488731201478,14.532769655305273,2.743075882418551,299.32112116642764,1000.0,1000.0,989.8819755413678,81170.32199439216,734721.7044916674,0.0,1625699.0103904826
"Scenario 20/180: AR=0.1, ST=10, Locks=5",81,0.0,0.0,0.0,0.0,0.0,0.0,0.03332878531797533,8.399878696842103,33.80582537447993,10.390096429778563,1000.0,1000.0,1000.0,1000.0,81000.0,729220.2144355163,0.0,1625699.0103904826
"Scenario 21/180: AR=0.2, ST=2.5, Locks=1",182,0.0,0.0,0.0,2.7400024979460866,12.85193704732228,1.917088004642749,0.024393684607612903,1.759346269793399,12.784921420047858,2.218035755696239,72.19206935345625,1000.0,1000.0,692.8020240604278,126089.96837899786,809976.9232033178,54751.13063742844,1625699.0103904826
"Scenario 22/180: AR=0.2, ST=2.5, Locks=2",188,0.0,0.0,0.0,0.0,4.308108628384048,0.22662243090283293,0.008332196329493833,1.9705126558409192,14.532769655305273,2.568042515802247,188.39102023133066,1000.0,1000.0,922.5887957437993,173446.69359983428,797796.4406352034,0.0,1625699.0103904826
"Scenario 23/180: AR=0.2, ST=2.5, Locks=3",182,0.0,0.0,0.0,0.0,1.6708901357854984,0.03495114318485501,0.008332196329493833,2.0576780566870956,14.532769655305273,2.552685326967833,374.40701382721005,1000.0,1000.0,985.410563919287,179344.72263331024,791325.1062713378,0.0,1625699.0103904826
"Scenario 24/180: AR=0.2, ST=2.5, Locks=4",179,0.0,0.0,0.0,0.0,1.3436931092998066,0.007506665415082718,0.008332196329493833,2.0887683776652257,14.532769655305273,2.578429485359099,426.6770235539739,1000.0,1000.0,996.797078343877,178426.677023554,791615.2688953489,0.0,1625699.0103904826
"Scenario 25/180: AR=0.2, ST=2.5, Locks=5",179,0.0,0.0,0.0,0.0,0.0,0.0,0.008332196329493833,2.0887683776652257,14.532769655305273,2.578429485359099,1000.0,1000.0,1000.0,1000.0,179000.0,791615.2688953489,0.0,1625699.0103904826
"Scenario 26/180: AR=0.2, ST=5, Locks=1",172,0.0,2.1625311520628685,15.434527638328063,37.114820763379214,82.49516377771977,22.055436908815423,0.0007385293572086276,3.1308866524955823,27.466943093485913,4.784522890002459,11.976741583047767,60.85021285851359,1000.0,274.5384930402409,47220.62080292143,791548.2086975841,54751.13063742844,1624489.0103904826
"Scenario 27/180: AR=0.2, ST=5, Locks=2",215,0.0,0.0,0.0,2.8991678235807967,12.493122930083473,1.913523691973616,0.01313777392333837,3.4713450027214945,29.065539310610546,5.0182895969517975,74.11182757184098,1000.0,1000.0,717.6627791626138,154297.49751996197,803352.6665695506,54751.13063742844,1625699.0103904826
"Scenario 28/180: AR=0.2, ST=5, Locks=3",177,0.0,0.0,0.0,0.0,7.3046961464108335,0.2868360272602959,0.016664392658987667,4.053175471417931,29.065539310610546,5.12162221769516,120.41379749121649,1000.0,1000.0,934.6115437831639,165426.24324962002,785418.9137457574,0.0,1625699.0103904826
"Scenario 29/180: AR=0.2, ST=5, Locks=4",178,0.0,0.0,0.0,0.0,4.018104108332693,0.08602890496397392,0.016664392658987667,4.115356113374191,29.065539310610546,5.167409227904001,199.27844827680514,1000.0,1000.0,973.9751108919762,173367.56973877177,792638.7116262183,0.0,1625699.0103904826
"Scenario 3/180: AR=0.1, ST=2.5, Locks=3",82,0.0,0.0,0.0,0.0,0.0,0.0,0.008332196329493833,2.127488731201478,14.532769655305273,2.743075882418551,1000.0,1000.0,1000.0,1000.0,82000.0,734721.7044916674,0.0,1625699.0103904826
"Scenario 30/180: AR=0.2, ST=5, Locks=5",183,0.0,0.0,0.0,0.0,0.9924518800164606,0.017586445640325337,0.016664392658987667,3.828875151945746,29.065539310610546,5.082001619874531,501.89417874008507,1000.0,1000.0,990.3795802747912,181239.4631902868,795042.8994540295,0.0,1625699.0103904826
"Scenario 31/180: AR=0.2, ST=7.5, Locks=1",154,0.0,101.71287979695919,132.70819523477743,225.47050643960102,259.2010032125372,144.18473383510576,0.06867438024351677,4.912304289600799,37.4340613357214,6.3630689475843525,3.8431827227936575,7.4789947607608696,1000.0,54.904720827691726,8455.327007464526,801649.0257793274,54751.13063742844,1625699.0103904826
"Scenario 32/180: AR=0.2, ST=7.5, Locks=2",195,0.0,0.0,0.0,5.344102148864636,22.594698906228842,3.1863755948518095,0.03930317407977999,4.926126258336543,38.354764260143575,6.692678499853798,42.38240140186772,1000.0,1000.0,628.6223794729798,122581.36399723106,791061.4450734176,0.0,1625699.0103904826
"Scenario 33/180: AR=0.2, ST=7.5, Locks=3",197,0.0,0.0,0.0,0.7114827001020103,11.395006968312146,1.1904737196573096,0.020245910920330075,5.257994656140495,39.36499584625685,7.368563777802858,80.67764726203879,1000.0,1000.0,793.2961311172241,156279.33783009317,797330.3483365541,0.0,1625699.0103904826
"Scenario 34/180: AR=0.2, ST=7.5, Locks=4",188,0.0,0.0,0.0,0.0,5.24008593639951,0.3010193089111019,0.0249965889884815,5.562532906982852,43.59830896591582,7.428916283099431,160.25420325813553,1000.0,1000.0,916.9526303381534,172387.09450357285,769398.9807526768,0.0,1625699.0103904826
"Scenario 35/180: AR=0.2, ST=7.5, Locks=5",180,0.0,0.0,0.0,0.0,3.720626713674278,0.06802436977752835,0.0249965889884815,5.911537967522758,43.59830896591582,7.5275139643144975,211.83627951417802,1000.0,1000.0,979.0110350078583,176221.9863014145,794964.8880804778,0.0,1625699.0103904826
"Scenario 36/180: AR=0.2, ST=10, Locks=1",98,0.0,82.52697376509316,178.37113333434274,254.375876561168,422.7002949817554,186.75269509923496,0.1302885602513462,7.059594035317078,66.00015358285593,10.141182343305175,2.3601588477606796,5.575367747097635,1000.0,31.99061901436111,3135.080663407389,801506.2627647776,0.0,1577453.833030083
"Scenario 37/180: AR=0.2, ST=10, Locks=2",171,0.0,0.0,3.701567978549889,17.064196516521434,79.01979899034836,16.01363245944944,0.10995561416496824,6.551021803071909,52.48666112834247,9.414688536908498,12.49690717319367,212.69499974526187,1000.0,462.9664953715319,79167.27070853196,778742.8816346868,0.0,1605339.0103904826
"Scenario 38/180: AR=0.2, ST=10, Locks=3",175,0.0,0.0,0.0,1.4814243523770756,24.652074718415747,1.831636099609383,0.03332878531797533,7.281154021984044,52.48666112834247,9.749763078073196,38.98320159195916,1000.0,1000.0,772.7468180825227,135230.69316444147,777999.6037635737,0.0,1625699.0103904826
"Scenario 39/180: AR=0.2, ST=10, Locks=4",194,0.0,0.0,0.0,0.0,13.272747178965233,0.8544352690798538,0.011285566545313175,7.469452162937768,58.13107862122109,9.719643576848114,70.06359654949759,1000.0,1000.0,858.1439322033576,166479.92284745138,815088.8999469404,0.0,1625699.0103904826
"Scenario 4/180: AR=0.1, ST=2.5, Locks=4",82,0.0,0.0,0.0,0.0,0.0,0.0,0.008332196329493833,2.127488731201478,14.532769655305273,2.743075882418551,1000.0,1000.0,1000.0,1000.0,82000.0,734721.7044916674,0.0,1625699.0103904826
"Scenario 40/180: AR=0.2, ST=10, Locks=5",195,0.0,0.0,0.0,0.0,6.977563281546509,0.23147840534563288,0.02627554784667674,7.281154021984044,58.13107862122109,9.930228296540177,125.35155970660539,1000.0,1000.0,945.5559716953052,184383.4144805845,794429.7322812193,0.0,1625699.0103904826
"Scenario 41/180: AR=0.3, ST=2.5, Locks=1",307,0.0,0.9684878721221395,5.981408136434652,11.833797752212575,41.88406430861505,7.888787076325234,0.003288723568276857,1.8946221561808578,23.455920020708536,2.6852211110279107,23.31868530005698,143.23757907537143,1000.0,334.59415891920554,102720.40678819611,795309.5426431749,0.0,1625699.0103904826
"Scenario 42/180: AR=0.3, ST=2.5, Locks=2",312,0.0,0.0,0.0,0.22699302489728979,7.677418281041128,0.674634552227636,0.02415944883410064,1.8186268669938819,14.532769655305273,2.6544082518483187,115.24164994844743,1000.0,1000.0,835.7388340674971,260750.5162290591,819217.1213649461,0.0,1625699.0103904826
"Scenario 43/180: AR=0.3, ST=2.5, Locks=3",283,0.0,0.0,0.0,0.0,2.2054612137205822,0.04715584259553674,0.008332196329493833,1.8880667658258903,14.532769655305273,2.56669753886412,311.9675869792537,1000.0,1000.0,980.3010922386136,277425.20910352765,803414.0127089343,0.0,1625699.0103904826
"Scenario 44/180: AR=0.3, ST=2.5, Locks=4",283,0.0,0.0,0.0,0.0,0.4400556309211652,0.002419548031892636,0.008332196329493833,1.914437575972873,14.532769655305273,2.605970913395316,694.4176172974142,1000.0,1000.0,998.2255804018356,282497.8392537195,804542.7897534394,0.0,1625699.0103904826
"Scenario 45/180: AR=0.3, ST=2.5, Locks=5",283,0.0,0.0,0.0,0.0,0.22163187629570302,0.0014875062955581851,0.008332196329493833,1.914437575972873,14.532769655305273,2.6043037104041082,818.577199403353,1000.0,1000.0,998.7716409830253,282652.3743981962,807424.6527415051,0.0,1625699.0103904826
"Scenario 46/180: AR=0.3, ST=5, Locks=1",236,0.0,80.66228232170846,131.490345479565,151.8678927243792,174.14629795168605,112.73005879093806,0.04578292016234451,2.9794940450100436,27.176835117952518,4.185478236618693,5.709512628556094,7.5477229156176024,1000.0,42.62726312568415,10060.03409766146,831083.1133841184,0.0,1625699.0103904826
"Scenario 47/180: AR=0.3, ST=5, Locks=2",280,0.0,0.0,0.38324003122704653,4.879037103270633,17.90226726741173,3.039274276191305,0.0006611205996989045,3.4550704647290758,33.68167330535826,4.830854639332796,52.903706515886604,722.9630907567785,1000.0,603.7283965133713,169043.95102374395,801767.9416476899,0.0,1625699.0103904826
"Scenario 48/180: AR=0.3, ST=5, Locks=3",288,0.0,0.0,0.0,0.0,7.596671312208173,0.6111635034147932,0.013497273946886717,3.4503154493867036,27.176835117952518,4.893936943831764,116.32409378963871,1000.0,1000.0,852.0222968841576,245382.42150263741,810174.8654268883,0.0,1625699.0103904826
"Scenario 49/180: AR=0.3, ST=5, Locks=4",288,0.0,0.0,0.0,0.0,3.4933906242663397,0.16083286687321202,0.016664392658987667,3.5507953813826743,29.065539310610546,5.034771059718968,222.5490912362589,1000.0,1000.0,942.1679251949643,271344.3624561497,791973.2939206328,0.0,1625699.0103904826
"Scenario 5/180: AR=0.1, ST=2.5, Locks=5",82,0.0,0.0,0.0,0.0,0.0,0.0,0.008332196329493833,2.127488731201478,14.532769655305273,2.743075882418551,1000.0,1000.0,1000.0,1000.0,82000.0,734721.7044916674,0.0,1625699.0103904826
"Scenario 50/180: AR=0.3, ST=5, Locks=5",284,0.0,0.0,0.0,0.0,2.4804178091161475,0.028742691455293002,0.016664392658987667,3.775376376544356,29.065539310610546,5.122296187555622,287.321825954554,1000.0,1000.0,988.63404020114,280772.06741712376,810583.6179255084,0.0,1625699.0103904826
"Scenario 51/180: AR=0.3, ST=7.5, Locks=1",118,0.0,147.52149406343284,363.73251758947777,539.3300752599852,670.1449743402604,348.4748630553676,0.09203407282133354,6.167916549189286,49.50011518714195,8.43380276870326,1.489991042521038,2.7417400896617696,1000.0,23.197867803998086,2737.348400871774,806587.723586831,0.0,1625699.0103904826
"Scenario 52/180: AR=0.3, ST=7.5, Locks=2",266,0.0,1.8442851427028977,16.84766312693131,28.49837593840281,69.5741193132468,18.62608830740632,0.04039259345578606,4.840658751905021,29.955525404624435,6.724214629988574,14.169500232251563,56.02978312436833,1000.0,281.71000832350643,74934.86221405271,751413.041244551,0.0,1625699.0103904826
"Scenario 53/180: AR=0.3, ST=7.5, Locks=3",277,0.0,0.0,0.0,3.5354077626358844,30.136698429842852,2.554341767941871,0.04545545960416799,4.502506356062083,54.63957626290719,6.77760079082066,32.116442989393946,1000.0,1000.0,694.5805215766801,192398.8044767404,789397.231038111,0.0,1625699.0103904826
"Scenario 54/180: AR=0.3, ST=7.5, Locks=4",270,0.0,0.0,0.0,0.0,11.237869723910137,0.860821560380584,0.0249965889884815,5.663064564816534,43.59830896591582,7.699492207018573,81.71356801145035,1000.0,1000.0,865.8493804499553,233779.33272148794,802972.7271372146,0.0,1625699.0103904826
"Scenario 55/180: AR=0.3, ST=7.5, Locks=5",289,0.0,0.0,0.0,0.0,7.925476269431215,0.49474806007088684,0.0249965889884815,5.8451759389558555,43.59830896591582,8.026025832134144,112.03883914014664,1000.0,1000.0,902.0519349581601,260693.0092029083,814209.6852496628,0.0,1625699.0103904826
"Scenario 56/180: AR=0.3, ST=10, Locks=1",94,0.0,197.70690848707156,318.2287657704085,494.96108015524203,658.1485590786405,331.62466389012224,0.09663779533640256,8.608387370742168,41.324470243106546,10.404042181151603,1.5171086794118196,3.1334131913046406,1000.0,18.375936439081556,1727.3380252736663,819709.2055883915,0.0,1625699.0103904826
"Scenario 57/180: AR=0.3, ST=10, Locks=2",201,0.0,23.681028581658083,76.6211870843569,106.85698850200015,192.25459366401515,75.3356534797094,0.029877611177229833,6.394911232514159,49.74543477216937,9.687113633764596,5.174521241852397,12.883080477927027,1000.0,103.84088236520212,20872.017355405627,750483.4169581821,19150.0,1625699.0103904826
"Scenario 58/180: AR=0.3, ST=10, Locks=3",267,0.0,5.156437957430427,13.50598056195031,22.003642456189723,44.37925740471292,14.625485601216578,0.20330891427599856,7.477900311262182,51.139685680191434,10.31927673757625,22.0364998722113,68.93708396542559,1000.0,218.71810539839882,58397.734141372486,805214.8650115493,0.0,1625699.0103904826
"Scenario 59/180: AR=0.3, ST=10, Locks=4",262,0.0,0.0,0.0,2.0571479975806284,21.334395108687545,2.050969059218664,0.03332878531797533,7.39304216657739,52.48666112834247,10.230994623069222,44.77399074985576,1000.0,1000.0,741.3751335876241,194240.2849999575,847122.0919519115,0.0,1625699.0103904826
"Scenario 6/180: AR=0.1, ST=5, Locks=1",93,0.0,0.0,0.0,3.8698814658786205,18.904854043024102,2.76294393747354,0.048787369215225806,3.5576602889980102,17.375348339447456,4.448175365340831,50.239001895643746,1000.0,1000.0,677.5383582965688,63011.06732158091,832872.1515198511,54751.13063742844,1625699.0103904826
"Scenario 60/180: AR=0.3, ST=10, Locks=5",283,0.0,0.0,0.0,0.01876883842442112,14.398460662367029,1.1636354600704515,0.03332878531797533,7.657750303891492,58.13107862122109,10.386217913322398,64.94155629750341,1000.0,1000.0,819.7482320967216,231988.7496833722,817287.8246525683,0.0,1625699.0103904826
"Scenario 61/180: AR=0.4, ST=2.5, Locks=1",362,0.0,7.8172266102892145,23.126872027410855,36.01071802942026,66.2569219639962,24.389317856038822,0.0003692646786043138,1.6598208401966992,21.92060792706896,2.521670965253449,14.868358093094377,41.44756138380134,1000.0,168.76923927055702,61094.464615941644,804396.4750081741,0.0,1624489.0103904826
"Scenario 62/180: AR=0.4, ST=2.5, Locks=2",418,0.0,0.0,0.0,1.2595937706603877,8.233807181633551,0.9334592715538261,0.005040896734183271,1.7441686933704559,14.532769655305273,2.5808381251823866,108.29769133462565,1000.0,1000.0,775.8562012742232,324307.8921326253,842782.4054589492,0.0,1625699.0103904826
"Scenario 63/180: AR=0.4, ST=2.5, Locks=3",382,0.0,0.0,0.0,0.0,3.6870289219658616,0.10996682122234228,0.008332196329493833,1.8415431982866899,14.532769655305273,2.567557629548302,213.3547747728798,1000.0,1000.0,958.9976865496751,366337.1162619759,810257.3849653671,0.0,1625699.0103904826
"Scenario 64/180: AR=0.4, ST=2.5, Locks=4",378,0.0,0.0,0.0,0.0,2.0090520541663466,0.02136531778623144,0.008332196329493833,1.861704915357487,14.532769655305273,2.570306229676617,332.33057521068656,1000.0,1000.0,989.977910053654,374211.6500002812,809564.5039544934,0.0,1625699.0103904826
"Scenario 65/180: AR=0.4, ST=2.5, Locks=5",379,0.0,0.0,0.0,0.0,0.4962259400082303,0.004245804158548202,0.008332196329493833,1.820288505496011,14.532769655305273,2.5593699504135126,668.3482576130843,1000.0,1000.0,997.0033437829909,377864.26729375357,815698.5821118641,0.0,1625699.0103904826
"Scenario 66/180: AR=0.4, ST=5, Locks=1",215,0.0,102.54537919799495,231.4750867748544,299.6404654471871,417.4801248234562,209.5392741597929,0.009638168315598446,3.547019780061334,33.000076791427965,4.635505649813871,2.3895997460378053,4.301536194149148,1000.0,21.244933688966224,4567.660743127738,810351.885064519,0.0,1577453.833030083
"Scenario 67/180: AR=0.4, ST=5, Locks=2",370,0.0,0.6343745970909929,10.488680734458711,27.759252157394357,50.00640290401407,15.095161415382664,0.027987432672601443,3.1177953365457336,27.936699229130618,4.693550046956776,19.605381737697538,87.04979110059521,1000.0,321.407717517262,118920.85548138693,799279.5809768875,0.0,1625699.0103904826
"Scenario 68/180: AR=0.4, ST=5, Locks=3",378,0.0,0.0,0.0,0.8131938485605801,12.326037359207874,0.9170479768498425,0.016664392658987667,3.556972316905766,27.176835117952518,4.819025412285254,75.04106232367954,1000.0,1000.0,794.1411152530355,300185.34156564745,805437.7994584513,0.0,1625699.0103904826
"Scenario 69/180: AR=0.4, ST=5, Locks=4",382,0.0,0.0,0.0,0.0,8.19661741621735,0.6881410234515429,0.005642783272656588,3.84508548629418,29.065539310610546,5.184007142454043,108.73563123726298,1000.0,1000.0,857.8465466515514,327697.38082089263,827168.0034687392,0.0,1625699.0103904826
"Scenario 7/180: AR=0.1, ST=5, Locks=2",87,0.0,0.0,0.0,0.0,8.616217256768095,0.47583949104978535,0.016664392658987667,3.828875151945746,29.065539310610546,5.3521588358310215,103.9909949305876,1000.0,1000.0,905.6323086794407,78790.01085511134,754413.3109603493,0.0,1625699.0103904826
"Scenario 70/180: AR=0.4, ST=5, Locks=5",407,0.0,0.0,0.0,0.0,4.972951688137755,0.11566651247449275,0.01313777392333837,3.5161969740136945,29.065539310610546,5.00453957954419,167.4214110899296,1000.0,1000.0,964.7775068417769,392664.4452846032,840350.6591564815,0.0,1625699.0103904826
"Scenario 71/180: AR=0.4, ST=7.5, Locks=1",126,0.0,170.0585937052714,339.0768602994318,512.5058471046507,680.3808216465995,343.3312683472966,0.07247834650230192,6.377288490433786,30.99335268232991,7.88935087613616,1.4676080808723633,2.940804277255493,1000.0,15.940485491600377,2008.5011719416475,831784.165805224,0.0,1625699.0103904826
"Scenario 72/180: AR=0.4, ST=7.5, Locks=2",259,0.0,35.658746712190776,73.69180139372787,138.7404619192033,206.2816031465493,82.75910804248413,0.022408208382922377,4.934237652843298,37.309076079127024,7.567572211150948,4.824354814030429,13.388350278615365,1000.0,89.47030641340969,23172.80936107311,767216.4365934324,19150.0,1625699.0103904826
"Scenario 73/180: AR=0.4, ST=7.5, Locks=3",371,0.0,5.9516246536809945,12.989339714932953,20.83583730716913,35.757991105102974,13.741221271055453,0.15248168570699894,5.459480802148898,38.354764260143575,7.594626136911917,27.204968768306106,71.4830020842619,1000.0,187.9791738479527,69740.27349759045,806390.7303688958,0.0,1625699.0103904826
"Scenario 74/180: AR=0.4, ST=7.5, Locks=4",358,0.0,0.0,0.0,3.7812151815991513,20.689755856059037,2.337771932517582,0.02111753475525691,5.656134685772093,40.76525267692878,7.885003088307866,46.104714439219926,1000.0,1000.0,688.9030045996333,246627.2756466687,834514.313380483,0.0,1625699.0103904826
"Scenario 75/180: AR=0.4, ST=7.5, Locks=5",381,0.0,0.0,0.0,0.30965523080004687,10.798845496775243,1.1323450175925662,0.0249965889884815,5.6619288321553976,43.59830896591582,8.057316914509846,84.75405498557559,1000.0,1000.0,808.6207077517688,308084.4896534239,821866.508878883,0.0,1625699.0103904826
"Scenario 76/180: AR=0.4, ST=10, Locks=1",97,0.0,186.06290199703696,350.20496812936403,540.4964164285268,733.6819716185247,350.4905512418148,0.1349356987704031,6.634109278543342,70.15172529138903,10.103793674376016,1.361133168678377,2.8473401311101516,1000.0,16.955949939498318,1644.7271441313367,798605.2874882513,0.0,1576243.833030083
"Scenario 77/180: AR=0.4, ST=10, Locks=2",225,0.0,72.32929963170591,169.06269780020483,318.3832355231815,482.9076503140445,200.91531587419115,0.055093035306695994,5.8440063734057635,48.54904031686253,8.832869656267086,2.0665100032021066,5.88018426695096,1000.0,31.338080778005704,7051.068175051283,794785.7958971631,0.0,1625699.0103904826
"Scenario 78/180: AR=0.4, ST=10, Locks=3",315,0.0,45.2105645506235,89.30321544213194,139.3294003787551,207.41357813939544,95.35385329170742,0.04149943520812737,6.242583368374844,50.80233034434976,9.311986872046553,4.798151871521344,11.073802799866185,1000.0,67.63768801782834,21305.871725615925,805231.4247077011,0.0,1625699.0103904826
"Scenario 79/180: AR=0.4, ST=10, Locks=4",347,0.0,6.207228353585322,17.564154987849975,33.88032750915909,69.80892011581909,22.418966309851367,0.010643849415054397,7.561706442364084,95.65656717225086,10.495381924515994,14.122514484959567,53.86725119750877,1000.0,200.4328645304401,69550.20399206271,753444.2365560674,0.0,1606549.0103904826
"Scenario 8/180: AR=0.1, ST=5, Locks=3",82,0.0,0.0,0.0,0.0,0.5026646084964455,0.006130056201176164,0.016664392658987667,4.254977462402956,29.065539310610546,5.486151764837102,665.4844962380475,1000.0,1000.0,995.9205426370494,81665.48449623804,734721.7044916674,0.0,1625699.0103904826
"Scenario 80/180: AR=0.4, ST=10, Locks=5",400,0.0,0.0,0.8617780637381998,8.426706490557265,23.025447785432902,4.529582673857259,0.026994547893773434,7.143373915131428,58.13107862122109,9.857123767578639,41.622533279330575,537.3664169176418,1000.0,565.6490876379249,226259.63505516996,829910.7127266983,0.0,1625699.0103904826
"Scenario 81/180: AR=0.5, ST=2.5, Locks=1",394,0.0,8.716610145776972,45.49391937950014,61.59810933023445,122.82611096380799,41.4881522270703,0.06852252948613761,1.6711982045947948,17.095544370301166,2.4265322775608076,8.075841130892668,21.508392549597968,1000.0,108.84758032332597,42885.94664739043,795725.6072867427,0.0,1624489.0103904826
"Scenario 82/180: AR=0.5, ST=2.5, Locks=2",504,0.0,0.0,0.0,1.9277244390541028,12.703475058761754,1.355709514875871,0.007961744071867987,1.6941437950021965,18.401093096769817,2.322437982215183,72.97419054013005,1000.0,1000.0,712.0543125341751,358875.3735172243,778141.2669948903,0.0,1625699.0103904826
"Scenario 83/180: AR=0.5, ST=2.5, Locks=3",495,0.0,0.0,0.0,0.0,4.45124404658759,0.2107261267000372,0.008332196329493833,1.7845979003069896,17.366153900175814,2.5161863723995697,183.44436452555954,1000.0,1000.0,921.6697263357414,456226.514536192,823215.8147015206,0.0,1625699.0103904826
"Scenario 84/180: AR=0.5, ST=2.5, Locks=4",459,0.0,0.0,0.0,0.0,1.8427336347791652,0.03054453280503826,0.003666622467059101,1.914437575972873,14.532769655305273,2.6401863199034965,351.7740768131039,1000.0,1000.0,984.4989398179138,451885.0133764224,819876.9049929943,0.0,1625699.0103904826
"Scenario 85/180: AR=0.5, ST=2.5, Locks=5",459,0.0,0.0,0.0,0.0,0.8368633718953049,0.005541887440654904,0.003666622467059101,1.914437575972873,14.532769655305273,2.637195424973607,544.4063044102099,1000.0,1000.0,996.5339323570778,457409.0749518987,818716.3878314022,0.0,1625699.0103904826
"Scenario 86/180: AR=0.5, ST=5, Locks=1",177,0.0,110.29661195955434,299.24749364715035,454.7475000608668,622.1016128158237,298.0537842522471,0.04578292016234451,3.86225340871755,33.000076791427965,5.625989519587835,1.6048746776323621,3.3305856706840524,1000.0,21.164970861282757,3746.199842447048,799817.6817620067,0.0,1625699.0103904826
"Scenario 87/180: AR=0.5, ST=5, Locks=2",401,0.0,74.50817792345106,97.20081447015971,152.01914366785127,225.79353621097982,108.33531328987542,0.0058555703333258696,3.0433210285722025,34.65408504867722,4.845206558397031,4.409296740581387,10.183214929483809,1000.0,58.33134951171545,23390.871154197896,766725.1756008894,0.0,1577453.833030083
"Scenario 88/180: AR=0.5, ST=5, Locks=3",487,0.0,0.0,2.9967029360350352,8.748403611375693,25.35825107271978,5.26003319652378,0.04082594626755235,3.5022847755987945,26.243330564171234,4.906528551323665,37.93878422514073,250.20623649153643,1000.0,474.01690474161455,230846.2326091663,780860.5816848726,0.0,1625699.0103904826
"Scenario 89/180: AR=0.5, ST=5, Locks=4",478,0.0,0.0,0.0,3.137463695535061,17.279328654196206,2.117826294531867,0.016664392658987667,3.84508548629418,29.065539310610546,5.428160657857498,54.706604324357386,1000.0,1000.0,705.7654762794141,337355.8976615599,820000.6573238204,0.0,1625699.0103904826
"Scenario 9/180: AR=0.1, ST=5, Locks=4",82,0.0,0.0,0.0,0.0,0.0,0.0,0.016664392658987667,4.254977462402956,29.065539310610546,5.486151764837102,1000.0,1000.0,1000.0,1000.0,82000.0,734721.7044916674,0.0,1625699.0103904826
"Scenario 90/180: AR=0.5, ST=5, Locks=5",482,0.0,0.0,0.0,0.0,8.495188639257549,0.37095043519503373,0.007333244934118202,3.929604125400825,29.065539310610546,5.370601021236278,105.31649638486722,1000.0,1000.0,891.2036654546182,429560.166749126,818601.2365181161,0.0,1625699.0103904826
"Scenario 91/180: AR=0.5, ST=7.5, Locks=1",124,0.0,131.58692892905304,320.1614924788262,529.1058105624629,729.2592904078167,335.9438674282506,0.0034837348213518386,5.6571250121610355,53.80934283244248,7.966289792331417,1.3693766216127772,3.1145737464734182,1000.0,16.144167154690955,2001.8767271816782,795080.6164228925,0.0,1577453.833030083
"Scenario 92/180: AR=0.5, ST=7.5, Locks=2",243,0.0,125.55036348151675,208.32811671615497,351.86065439210506,462.45885612872826,218.77566607038017,0.005608396461191607,5.254232563528429,63.74598486748428,8.167361895204904,2.1576888364007107,4.777189111943244,1000.0,31.278115380201125,7600.582037388874,796332.7204164723,0.0,1624489.0103904826
"Scenario 93/180: AR=0.5, ST=7.5, Locks=3",398,0.0,8.962213013427998,45.22826159077596,83.89881749420732,119.26806833396961,47.522698509290954,0.03519690003644598,4.847406704796205,45.07841048970775,7.032304924584372,8.314758970129322,21.631864744225076,1000.0,167.99917849169083,66863.67303969295,782840.2001589264,0.0,1625699.0103904826
"Scenario 94/180: AR=0.5, ST=7.5, Locks=4",442,0.0,0.0,3.7361553318285132,12.030508236883978,35.379958668822724,7.220628870198081,0.00074586618955422,5.07228070334397,41.45528456293374,7.2895837035302335,27.48766179487143,211.16238142599138,1000.0,442.13584228662853,195424.0422906898,786441.5536604713,0.0,1625699.0103904826
"Scenario 95/180: AR=0.5, ST=7.5, Locks=5",512,0.0,0.0,1.8953800927840803,8.877708920178975,31.334217951646792,5.853896611419893,0.010443752203419579,5.32882385859977,43.59830896591582,7.617186423913174,30.9269889098731,345.43470189159393,1000.0,524.7625596025221,268678.4305164913,822121.4467824087,0.0,1625699.0103904826
"Scenario 96/180: AR=0.5, ST=10, Locks=1",110,0.0,191.1201866062625,435.79447762539417,577.5827426139406,777.3676194274069,397.5748758402484,0.009129397880894672,6.69617540170509,54.26020457760949,9.00322197856986,1.2847399802366306,2.2894180488953926,1000.0,14.34924670740804,1578.4171378148844,800534.7433247166,0.0,1577453.833030083
"Scenario 97/180: AR=0.5, ST=10, Locks=2",189,0.0,161.01560670072467,362.9055531384246,473.23220629307826,609.659085743406,330.7097673976971,0.02823692417643302,7.081428088373376,60.661925098309716,10.490096763084837,1.6375749142954568,2.747965760279602,1000.0,24.3482182240938,4601.813244353728,837030.033143431,0.0,1577453.833030083
"Scenario 98/180: AR=0.5, ST=10, Locks=3",280,0.0,76.42659210619301,136.86388842509552,259.2774930220523,399.5763128062558,159.89150170306357,0.01637199994270781,7.052349550821663,57.991556147795954,10.478364721761466,2.4964032271265713,7.253570230621132,1000.0,64.35027408715996,18018.07674440479,830090.983093571,54751.13063742844,1625699.0103904826
"Scenario 99/180: AR=0.5, ST=10, Locks=4",396,0.0,15.770630244172782,40.92564416355452,89.0273956430637,176.09539750417832,59.436060564007796,0.05886421332670885,6.9737106602733565,51.139685680191434,9.725977356603467,5.646674132095423,23.85175126850823,1000.0,139.05826119985375,55067.07143514208,793825.9338066198,0.0,1625699.0103904826
